scenario_identifier,lyr18_train_mean_activ_loss_on_train,lyr18_train_mean_activ_and_t_p_dirs_loss_on_train,lyr18_train_mean_activ_loss_on_validation,lyr18_train_mean_activ_and_t_p_dirs_loss_on_validation,lyr18_validation_mean_activ_loss_on_validation,lyr18_validation_mean_activ_and_t_p_dirs_loss_on_validation,lyr25_train_mean_activ_loss_on_train,lyr25_train_mean_activ_and_t_p_dirs_loss_on_train,lyr25_train_mean_activ_loss_on_validation,lyr25_train_mean_activ_and_t_p_dirs_loss_on_validation,lyr25_validation_mean_activ_loss_on_validation,lyr25_validation_mean_activ_and_t_p_dirs_loss_on_validation,lyrs18_and_25_train_mean_activ_loss_on_train,lyrs18_and_25_train_mean_activ_and_t_p_dirs_loss_on_train,lyrs18_and_25_train_mean_activ_loss_on_validation,lyrs18_and_25_train_mean_activ_and_t_p_dirs_loss_on_validation,lyrs18_and_25_validation_mean_activ_loss_on_validation,lyrs18_and_25_validation_mean_activ_and_t_p_dirs_loss_on_validation
0,839.58673,458.12762,842.1254,407.26334,742.8579,448.1245,5692.3193,3614.9575,5390.118,3227.6914,4943.9023,3424.1423,6531.9062,4073.0854,6232.2427,3634.9602,5686.7603,3872.2522
1,357.95496,272.09708,337.18527,259.14432,332.5665,254.16646,3296.308,2478.6804,3045.9014,2265.7888,3021.4268,2239.0479,3654.2632,2750.7776,3383.0867,2524.9326,3353.993,2493.2134
2,116.97476,113.776474,112.387985,108.743225,110.763275,107.39899,918.42773,893.2042,908.8198,874.4621,897.9956,866.09937,1035.4025,1006.98065,1021.2079,983.20526,1008.75885,973.49835
3,505.96756,323.89755,482.77728,285.54068,468.2864,281.2044,3318.4575,2662.4949,3201.8613,2475.2222,3124.6245,2432.8003,3824.425,2986.392,3684.6387,2760.7605,3592.911,2714.003
4,731.0597,269.67297,734.7005,280.95374,732.3655,280.7492,5239.0503,2173.298,5251.657,2194.2385,5235.2075,2193.2112,5970.1104,2442.9712,5986.358,2475.1924,5967.5728,2473.9604
5,287.07715,208.14897,305.02057,213.70218,304.10486,213.4148,2234.79,1747.4376,2343.0251,1792.1339,2335.0,1788.4437,2521.8672,1955.5868,2648.046,2005.8358,2639.105,2001.8585
6,148.61378,140.1421,139.88684,133.47285,138.77448,132.32965,1102.0825,1016.79456,1030.0107,979.3939,1022.5081,970.6353,1250.6964,1156.9366,1169.8977,1112.8667,1161.2827,1102.965
7,407.9991,219.87178,418.10776,217.668,413.32263,219.92386,3572.2927,2506.0278,3706.6958,2575.7222,3671.0266,2583.7905,3980.2915,2725.8994,4124.8037,2793.3892,4084.3496,2803.7139
8,633.9159,412.12247,612.9303,345.02866,597.97314,329.4436,4477.2705,3270.4578,4408.963,3014.347,4298.8345,2896.2854,5111.1865,3682.5798,5021.894,3359.3792,4896.8076,3225.7324
9,517.5069,358.46405,509.3146,369.31165,502.58487,364.75308,3062.8438,2374.5393,2903.2542,2311.1858,2864.0469,2275.3296,3580.3508,2733.0032,3412.5688,2680.4985,3366.6318,2640.0837
10,362.3735,340.09,378.21164,353.41638,369.028,344.77,2611.3955,2369.5518,2805.8213,2547.0483,2718.555,2468.1514,2973.7688,2709.6418,3184.0325,2900.465,3087.583,2812.9211
11,390.8675,279.68466,437.5458,346.219,427.79126,336.46442,3571.283,3175.8264,3776.8425,3456.4873,3658.536,3338.1802,3962.1504,3455.511,4214.388,3802.7063,4086.3274,3674.6453
12,1731.1144,1579.1024,1667.8239,1545.1721,1642.0748,1528.69,13039.011,12254.452,12966.89,12405.957,12773.927,12261.292,14770.125,13833.554,14634.714,13951.117,14416.003,13789.966
13,1071.1953,1031.8433,1049.7388,1027.2212,1040.8442,1018.2389,7192.195,7018.004,7018.4395,6908.567,6963.11,6859.5527,8263.389,8049.8477,8068.18,7935.7896,8003.955,7877.7905
14,1040.0054,1022.8418,1009.91125,989.81195,999.70764,979.40063,6258.616,6169.0977,6344.5186,6229.864,6296.302,6181.2036,7298.621,7191.939,7354.4307,7219.675,7296.009,7160.605
15,1589.9973,1544.486,1608.1976,1574.9728,1589.1184,1555.8737,11839.083,11700.181,12435.306,12351.964,12265.215,12182.068,13429.079,13244.667,14043.503,13926.935,13854.333,13737.941
16,1196.9553,1129.5078,1224.2186,1161.6927,1215.1973,1152.8488,11810.248,11460.977,11944.477,11779.9,11845.776,11673.524,13007.204,12590.484,13168.693,12941.584,13060.976,12826.364
17,633.2612,617.545,632.55005,621.85345,626.7396,615.78705,4600.4795,4521.466,4483.1235,4447.3296,4449.3906,4410.9004,5233.7407,5139.0107,5115.674,5069.183,5076.131,5026.6875
18,499.6934,493.54196,488.83762,486.0592,483.59418,481.13138,4003.2598,3976.765,3886.755,3867.4897,3841.2197,3824.314,4502.953,4470.3066,4375.593,4353.549,4324.814,4305.446
19,768.0098,703.3394,735.6552,699.1261,724.69775,688.76416,7567.879,7295.847,7278.0234,7209.02,7168.02,7088.287,8335.889,7999.1865,8013.6777,7908.1494,7892.718,7777.0547
20,1865.2726,1865.2725,1928.5161,1928.5154,1437.3116,1437.3115,15383.675,15383.674,18697.82,18697.809,13385.83,13385.831,17248.947,17248.947,20626.336,20626.344,14823.142,14823.141
21,1528.0028,1528.0029,2012.7773,2012.7771,1505.2,1505.2,15391.297,15391.295,18831.926,18831.93,13940.08,13940.08,16919.299,16919.299,20844.703,20844.701,15445.281,15445.279
22,1515.1938,1515.194,2460.1,2460.0994,912.1267,912.1267,12136.5,12136.501,22108.443,22108.443,8465.427,8465.426,13651.695,13651.695,24568.545,24568.547,9377.554,9377.553
23,1588.5667,1588.5665,1495.4594,1495.4598,1309.0056,1309.0056,12697.465,12697.464,11499.814,11499.815,10150.318,10150.317,14286.03,14286.03,12995.273,12995.277,11459.323,11459.323
24,1559.8141,1559.814,1465.341,1465.3413,1320.1552,1320.1553,15958.376,15958.375,13812.199,13812.199,12485.91,12485.909,17518.19,17518.19,15277.541,15277.54,13806.063,13806.063
25,254.31483,174.38853,252.42365,173.89839,251.25153,173.06499,1708.6165,1342.7949,1720.6174,1343.4805,1710.6932,1336.083,1962.9312,1517.1836,1973.041,1517.3788,1961.9447,1509.1478
26,248.96936,184.76239,248.67471,184.48032,247.6312,184.49039,1682.9847,1358.2385,1639.982,1347.3938,1632.8352,1346.6451,1931.9539,1543.001,1888.6566,1531.8738,1880.4666,1531.1354
27,444.3566,262.89203,445.6047,270.59338,441.81845,266.96753,2053.579,1353.8663,2043.3752,1380.2623,2023.9482,1361.7195,2497.9355,1616.7584,2488.9802,1650.8557,2465.7668,1628.6875
28,630.75464,362.42673,587.3447,313.78546,550.7957,322.1169,3076.0903,1757.6119,2873.7869,1562.2119,2685.6938,1601.1735,3706.845,2120.0388,3461.131,1875.9972,3236.4897,1923.2897
29,545.128,400.44965,540.2687,392.98392,532.5809,388.4095,2165.453,1625.6025,2192.5928,1626.871,2162.0024,1608.9541,2710.5806,2026.0522,2732.8616,2019.8545,2694.5828,1997.3634
30,555.78143,524.0033,587.27515,565.2742,579.3377,558.2944,3306.9443,3142.4243,3488.0312,3408.459,3439.1062,3364.9731,3862.7258,3666.4282,4075.307,3973.7341,4018.4438,3923.2686
31,1845.5039,1815.9432,1842.9506,1808.0156,1840.4321,1805.4924,15789.323,15620.934,15957.809,15755.251,15936.468,15733.913,17634.826,17436.877,17800.76,17563.266,17776.898,17539.404
32,1435.337,1417.2819,1436.0635,1418.6692,1435.7811,1418.3915,10784.264,10715.016,10756.588,10689.434,10754.843,10687.702,12219.602,12132.298,12192.653,12108.104,12190.623,12106.094
0 3,860.1439,580.11127,864.863,542.2277,840.2064,547.52527,5730.5728,4406.584,5710.0186,4032.5332,5583.1787,4040.3645,6590.7163,4986.695,6574.8813,4574.757,6423.3853,4587.8877
0 2,858.84436,829.1136,896.3163,863.61896,888.7761,860.9394,5879.7095,5696.6855,5880.5063,5755.692,5842.4775,5743.18,6738.5537,6525.799,6776.8223,6619.312,6731.255,6604.1216
1 3,863.3232,753.28503,851.9393,750.318,848.1033,747.0747,6738.9746,5942.1187,6674.378,5907.3584,6654.157,5887.9604,7602.298,6695.4043,7526.317,6657.673,7502.2607,6635.0312
0 1 2 3,1041.1184,984.0005,1065.535,1006.9442,1063.5571,1005.4924,7417.6885,7053.323,7510.31,7128.671,7499.4365,7120.3667,8458.807,8037.3228,8575.845,8135.6147,8562.994,8125.857
4 7,853.0536,528.59576,865.06055,537.54675,863.83185,537.7629,5962.489,3910.895,6143.658,3996.525,6135.4707,3995.1675,6815.5425,4439.4907,7008.7183,4534.072,6999.303,4532.93
4 6,1303.4894,1037.6766,1301.9283,1038.9414,1300.5704,1038.8167,8756.648,6926.796,8653.485,6863.5337,8644.501,6862.948,10060.138,7964.4727,9955.414,7902.4736,9945.07,7901.763
5 7,1072.3114,937.55536,1084.4014,945.97,1082.9912,946.737,7795.8193,7017.905,7944.1133,7126.9385,7931.5435,7129.421,8868.132,7955.4604,9028.515,8072.908,9014.535,8076.158
4 5 6 7,1344.7762,1192.5934,1356.196,1195.6443,1355.7029,1195.615,9222.001,8264.24,9318.979,8298.376,9315.014,8297.617,10566.777,9456.834,10675.176,9494.018,10670.716,9493.231
8 11,938.276,772.37714,926.68604,745.0566,920.54083,738.80524,6577.946,5780.2686,6488.199,5619.082,6429.8945,5558.605,7516.222,6552.6455,7414.8857,6364.1357,7350.435,6297.406
8 10,1386.9126,1351.6663,1411.0541,1367.7738,1405.2074,1362.3081,10860.329,10618.918,10854.092,10541.068,10796.454,10489.194,12247.242,11970.585,12265.1455,11908.844,12201.661,11851.504
9 11,944.6274,794.9608,944.73083,823.42957,940.3399,820.2019,6345.5825,5718.9116,6204.1025,5714.6704,6173.2534,5686.1094,7290.21,6513.872,7148.8335,6538.099,7113.5933,6506.3105
8 9 10 11,1636.0453,1563.8162,1645.3976,1579.638,1642.812,1577.0618,12875.149,12528.452,12649.358,12379.295,12626.593,12356.121,14511.195,14092.268,14294.757,13958.946,14269.405,13933.195
12 15,1831.3771,1733.135,1810.5277,1731.6482,1797.342,1721.3811,13564.186,13102.429,13778.742,13460.622,13674.123,13375.695,15395.5625,14835.564,15589.27,15192.271,15471.465,15097.077
12 14,1992.4141,1935.8405,1964.9988,1911.6222,1955.0503,1902.0591,13702.648,13419.445,13822.906,13537.007,13755.861,13471.823,15695.063,15355.285,15787.906,15448.629,15710.911,15373.882
13 15,1855.2793,1813.5112,1879.9751,1855.6322,1873.1902,1848.5088,13027.32,12870.722,13572.39,13458.894,13520.351,13405.6455,14882.602,14684.233,15452.364,15314.53,15393.541,15254.159
12 13 14 15,2027.5864,1982.4711,2024.8472,1990.8698,2020.1356,1985.6584,14024.374,13830.816,14337.46,14162.242,14305.129,14127.243,16051.96,15813.288,16362.308,16153.117,16325.266,16112.909
16 19,1370.593,1302.6276,1338.7234,1278.3804,1333.296,1272.3318,11828.948,11520.638,11535.598,11392.597,11473.654,11314.967,13199.542,12823.266,12874.32,12670.958,12806.949,12587.281
16 18,1722.996,1705.485,1726.0511,1710.5701,1722.3054,1707.0297,13129.351,13051.024,13167.256,13133.034,13128.346,13092.724,14852.348,14756.51,14893.308,14843.6045,14850.651,14799.754
17 19,1259.0433,1208.2445,1239.2349,1187.9698,1234.1624,1182.9441,8968.816,8733.583,8683.133,8483.388,8643.622,8441.015,10227.859,9941.826,9922.368,9671.361,9877.784,9623.964
16 17 18 19,1714.3457,1684.9034,1697.3818,1670.7803,1694.7528,1668.0577,12333.486,12208.324,12158.341,12079.585,12132.088,12049.761,14047.831,13893.2295,13855.723,13750.358,13826.841,13717.813
27 28,1049.4073,822.68835,1014.2271,801.81946,1004.5855,803.1476,5865.238,4845.5137,5643.0845,4727.7783,5590.0986,4731.4517,6914.6455,5668.202,6657.311,5529.5967,6594.684,5534.597
28 30,1225.6866,1156.442,1215.534,1154.0321,1207.8345,1147.8207,7030.3325,6686.251,7114.8047,6841.553,7074.335,6808.294,8256.019,7842.6934,8330.339,7995.5864,8282.17,7956.1143
27 29,1268.95,1098.039,1243.9751,1097.3315,1240.7585,1095.2103,7883.2007,7213.2466,7719.19,7192.687,7705.8647,7184.19,9152.15,8311.285,8963.167,8290.004,8946.623,8279.385
27 28 29 30,1488.8627,1380.8236,1456.8904,1369.5662,1455.0327,1367.7352,8939.218,8489.984,8830.67,8533.34,8820.568,8523.283,10428.081,9870.809,10287.562,9902.912,10275.602,9891.025
21 23 24,1756.6858,1605.7035,1678.3523,1595.8286,1597.0728,1500.2428,15855.079,14890.352,14083.791,13835.27,13418.217,13088.067,17611.766,16496.055,15762.142,15431.111,15015.29,14588.321
0 1 3 12 13 15 16 17 19,1994.9329,1948.6946,1980.3585,1936.0597,1978.7404,1934.5695,14916.639,14715.53,14882.7,14666.891,14870.913,14655.743,16911.572,16664.227,16863.059,16602.955,16849.654,16590.318
0 3 12 15 16 19 21 23 24 26 31,1969.9414,1936.3973,1954.9734,1919.6641,1954.0999,1918.8866,16233.066,16088.839,16215.135,16064.584,16207.791,16057.702,18203.006,18025.234,18170.11,17984.248,18161.89,17976.59
